1,Richard Turner,F,20000.00,+91 9876543210,11
2,Susan Miller,M,22000.00,+91 9876543210,12
3,Michael Wilson,F,21000.00,+91 9876543210,13
4,Linda Harris,M,23000.00,+91 9876543210,14
5,John Davis,F,24000.00,+91 9876543210,15
6,Elizabeth Jackson,M,20000.00,+91 9876543210,16
7,David Brown,F,22000.00,+91 9876543210,17
8,Susan Thompson,M,21000.00,+91 9876543210,18
9,Michael White,F,23000.00,+91 9876543210,19
10,Linda Martinez,M,24000.00,+91 9876543210,20
11,George Johnson,F,20000.00,+91 9876543210,21
12,Karen Moore,M,22000.00,+91 9876543210,22
13,John Wilson,F,21000.00,+91 9876543210,23
14,Patricia Smith,M,23000.00,+91 9876543210,24
15,William Taylor,F,24000.00,+91 9876543210,25
16,Mary Turner,M,20000.00,+91 9876543210,26
17,Robert Harris,F,22000.00,+91 9876543210,27
18,Emily Davis,M,21000.00,+91 9876543210,28
19,Charles Brown,F,23000.00,+91 9876543210,29
20,Linda Anderson,M,24000.00,+91 9876543210,30
